{
  "employees": [
    {
      "id": 333,
      "name": "Jonathan",
      "surname": "Murphy",
      "position": "sw admin",
      "dateOfBirth": "1997-10-29T23:00:00.000Z"
    },
    {
      "id": 1,
      "position": "sw admin",
      "dateOfBirth": "Mon Mar 08 2004 16:35:48 GMT+0100",
      "surname": "Vollans",
      "name": "Nathan"
    },
    {
      "id": 2,
      "name": "Marvin",
      "surname": "Rosenbloom",
      "position": "help desk",
      "dateOfBirth": "1995-05-14T14:42:23.000Z"
    },
    {
      "id": 3,
      "name": "Hadley",
      "surname": "Denton",
      "position": "front-end developer",
      "dateOfBirth": "1991-06-08T22:00:00.000Z"
    },
    {
      "id": 4,
      "name": "Sydney",
      "surname": "Villiger",
      "position": "product manager",
      "dateOfBirth": "1996-01-22T15:42:23.000Z"
    },
    {
      "id": 5,
      "name": "Zara",
      "surname": "Todd",
      "position": "help desk",
      "dateOfBirth": "1989-05-25T22:00:00.000Z"
    },
    {
      "id": 6,
      "name": "Elisabeth",
      "surname": "Victor",
      "position": "front-end developer",
      "dateOfBirth": "2002-03-30T15:42:23.420Z"
    },
    {
      "id": 7,
      "name": "Bree",
      "surname": "Wright",
      "position": "full-stack developer",
      "dateOfBirth": "1996-01-07T15:42:23.000Z"
    },
    {
      "id": 8,
      "position": "product manager",
      "dateOfBirth": "2002-03-30T15:42:23.420Z",
      "surname": "Ogilvy",
      "name": "Alexander"
    },
    {
      "id": 9,
      "name": "Manuel",
      "surname": "Radcliffe",
      "position": "help desk",
      "dateOfBirth": "1995-07-23T14:42:23.000Z"
    },
    {
      "id": 10,
      "name": "Amy",
      "surname": "Boyle",
      "position": "help desk",
      "dateOfBirth": "1984-09-18T22:00:00.000Z"
    },
    {
      "id": 11,
      "name": "Rachael",
      "surname": "Aldridge",
      "position": "front-end developer",
      "dateOfBirth": "1997-12-02T15:42:23.000Z"
    },
    {
      "id": 12,
      "name": "David",
      "surname": "Peterson",
      "position": "front-end developer",
      "dateOfBirth": "1996-04-16T14:42:23.000Z"
    },
    {
      "id": 334,
      "name": "Danny",
      "surname": "Roggers",
      "position": "scrum master",
      "dateOfBirth": "1998-06-11T19:54:15.000Z"
    },
    {
      "name": "Joe",
      "surname": "Nobody",
      "position": "sw admin",
      "dateOfBirth": "2001-11-19T18:03:00.000Z",
      "id": 335
    },
    {
      "id": 336,
      "name": "Peter",
      "surname": "Zeeler",
      "position": "product manager",
      "dateOfBirth": "1982-08-15T22:00:00.000Z"
    },
    {
      "id": 337,
      "name": "Daniel",
      "surname": "Darkwatter",
      "position": "product manager",
      "dateOfBirth": "1998-11-16T20:32:14.000Z"
    }
  ],
  "positions": [
    "full-stack developer",
    "front-end developer",
    "sw admin",
    "help desk",
    "scrum master",
    "product manager"
  ],
  "users": [
    {
      "email": "testUser@mail.com",
      "password": "$2a$10$Z6CZEI3xbAEZSzGYiOnIcekFj8WovS7St.Vit6qoGU/32Dx9J7a5e",
      "id": 1001
    }
  ]
}
